zone,r2_sarimax,rmse_sarimax,r2_lstm,rmse_lstm,r2_xgb,rmse_xgb
north,0.11822109497347699,0.5518591444019466,-1.1852494764805375,0.8687581728837331,-1.3715506305518752,0.9050333672094212
central,-0.38093705095294195,0.5126419102479862,-2.864791474331565,0.8576107191804196,-3.185089170188923,0.8924410227775434
south,0.10108145842898653,0.27710504548411247,-0.15460450506845813,0.31405151153991734,0.7116749272942806,0.15693704440067144
